{
    "AcquisitionNumber": 1,
    "AcquisitionTime": "09:38:37.915000",
    "BrainVoyagerInfo": {
        "AcquisitionTime": "093837.915000",
        "CalculatedDicomSlice1CenterX": -2.488250970840454,
        "CalculatedDicomSlice1CenterY": -41.6412353515625,
        "CalculatedDicomSlice1CenterZ": -85.27835845947266,
        "CalculatedDicomSliceNCenterX": 1.8804601430892944,
        "CalculatedDicomSliceNCenterY": 26.292598724365234,
        "CalculatedDicomSliceNCenterZ": 22.52775764465332,
        "CoordinateSystem": 1,
        "DataStorageFormat": 2,
        "DataType": 2,
        "DicomColDirX": 0,
        "DicomColDirY": 0.8460349440574646,
        "DicomColDirZ": -0.5331274271011353,
        "DicomFoVCols": 210,
        "DicomFoVRows": 210,
        "DicomGapThickness": 0,
        "DicomNCols": 84,
        "DicomNRows": 84,
        "DicomPosInfoPresent": 1,
        "DicomRowDirX": 0.9994127750396729,
        "DicomRowDirY": -0.01826724037528038,
        "DicomRowDirZ": -0.0289889108389616,
        "DicomSliceThickness": 2.5,
        "DocumentType": "FMR",
        "MultiBandSequence": true,
        "NrOfPastSpatialTransformations": 0,
        "NrOfPreprocessingSteps": 0,
        "NrOfSkippedVolumes": 0,
        "Protocol": {
            "Conditions": [
                {
                    "ColorB": 255,
                    "ColorG": 163,
                    "ColorR": 255,
                    "IntervalsFrom": [
                        41,
                        45,
                        61,
                        109,
                        121,
                        169,
                        189,
                        213
                    ],
                    "IntervalsTo": [
                        41,
                        45,
                        61,
                        109,
                        121,
                        169,
                        189,
                        213
                    ],
                    "Name": "Face_Left",
                    "NrOfIntervals": 8
                },
                {
                    "ColorB": 255,
                    "ColorG": 0,
                    "ColorR": 255,
                    "IntervalsFrom": [
                        33,
                        125,
                        129,
                        193,
                        209,
                        229,
                        241,
                        245,
                        257
                    ],
                    "IntervalsTo": [
                        33,
                        125,
                        129,
                        193,
                        209,
                        229,
                        241,
                        245,
                        257
                    ],
                    "Name": "Face_Center",
                    "NrOfIntervals": 9
                },
                {
                    "ColorB": 95,
                    "ColorG": 2,
                    "ColorR": 187,
                    "IntervalsFrom": [
                        21,
                        77,
                        133,
                        165,
                        181,
                        201,
                        221,
                        225
                    ],
                    "IntervalsTo": [
                        21,
                        77,
                        133,
                        165,
                        181,
                        201,
                        221,
                        225
                    ],
                    "Name": "Face_Right",
                    "NrOfIntervals": 8
                },
                {
                    "ColorB": 126,
                    "ColorG": 255,
                    "ColorR": 126,
                    "IntervalsFrom": [
                        25,
                        57,
                        65,
                        69,
                        85,
                        93,
                        97,
                        177,
                        261
                    ],
                    "IntervalsTo": [
                        25,
                        57,
                        65,
                        69,
                        85,
                        93,
                        97,
                        177,
                        261
                    ],
                    "Name": "Hand_Left",
                    "NrOfIntervals": 9
                },
                {
                    "ColorB": 0,
                    "ColorG": 199,
                    "ColorR": 0,
                    "IntervalsFrom": [
                        17,
                        29,
                        53,
                        89,
                        105,
                        141,
                        149,
                        249
                    ],
                    "IntervalsTo": [
                        17,
                        29,
                        53,
                        89,
                        105,
                        141,
                        149,
                        249
                    ],
                    "Name": "Hand_Center",
                    "NrOfIntervals": 8
                },
                {
                    "ColorB": 0,
                    "ColorG": 86,
                    "ColorR": 0,
                    "IntervalsFrom": [
                        81,
                        101,
                        117,
                        137,
                        153,
                        157,
                        161,
                        233,
                        253
                    ],
                    "IntervalsTo": [
                        81,
                        101,
                        117,
                        137,
                        153,
                        157,
                        161,
                        233,
                        253
                    ],
                    "Name": "Hand_Right",
                    "NrOfIntervals": 9
                }
            ],
            "FileName": "sub-25_ses-01_MainExp_run-3.prt",
            "Name": "newbi4fmri_VAR7_Prosopagnosia",
            "NrOfConditions": 6,
            "TimeCourseColors": {
                "RefTCPenThick": 3,
                "RefTimeCourseB": 80,
                "RefTimeCourseG": 0,
                "RefTimeCourseR": 0,
                "TCBackColorB": 0,
                "TCBackColorG": 0,
                "TCBackColorR": 0,
                "TCPenThick": 3,
                "TCTextColorB": 255,
                "TCTextColorG": 255,
                "TCTextColorR": 255,
                "TimeCourseB": 255,
                "TimeCourseG": 255,
                "TimeCourseR": 255
            },
            "TimeResolution": "Volumes"
        },
        "SliceAcquisitionOrder": 5,
        "SliceAcquisitionOrderVerified": true,
        "SliceGap": 0,
        "SliceThickness": 2.5,