{
    "AcquisitionNumber": 1,
    "AcquisitionTime": "09:26:02.697500",
    "BrainVoyagerInfo": {
        "AcquisitionTime": "092602.697500",
        "CalculatedDicomSlice1CenterX": -2.488250970840454,
        "CalculatedDicomSlice1CenterY": -41.6412353515625,
        "CalculatedDicomSlice1CenterZ": -85.27835845947266,
        "CalculatedDicomSliceNCenterX": 1.8804601430892944,
        "CalculatedDicomSliceNCenterY": 26.292598724365234,
        "CalculatedDicomSliceNCenterZ": 22.52775764465332,
        "CoordinateSystem": 1,
        "DataStorageFormat": 2,
        "DataType": 2,
        "DicomColDirX": 0,
        "DicomColDirY": 0.8460349440574646,
        "DicomColDirZ": -0.5331274271011353,
        "DicomFoVCols": 210,
        "DicomFoVRows": 210,
        "DicomGapThickness": 0,
        "DicomNCols": 84,
        "DicomNRows": 84,
        "DicomPosInfoPresent": 1,
        "DicomRowDirX": 0.9994127750396729,
        "DicomRowDirY": -0.01826724037528038,
        "DicomRowDirZ": -0.0289889108389616,
        "DicomSliceThickness": 2.5,
        "DocumentType": "FMR",
        "MultiBandSequence": true,
        "NrOfPastSpatialTransformations": 0,
        "NrOfPreprocessingSteps": 0,
        "NrOfSkippedVolumes": 0,
        "Protocol": {
            "Conditions": [
                {
                    "ColorB": 255,
                    "ColorG": 163,
                    "ColorR": 255,
                    "IntervalsFrom": [
                        89,
                        101,
                        113,
                        181,
                        189,
                        229,
                        233,
                        261
                    ],
                    "IntervalsTo": [
                        89,
                        101,
                        113,
                        181,
                        189,
                        229,
                        233,
                        261
                    ],
                    "Name": "Face_Left",
                    "NrOfIntervals": 8
                },
                {
                    "ColorB": 255,
                    "ColorG": 0,
                    "ColorR": 255,
                    "IntervalsFrom": [
                        45,
                        53,
                        77,
                        129,
                        153,
                        213,
                        237,
                        257
                    ],
                    "IntervalsTo": [
                        45,
                        53,
                        77,
                        129,
                        153,
                        213,
                        237,
                        257
                    ],
                    "Name": "Face_Center",
                    "NrOfIntervals": 8
                },
                {
                    "ColorB": 95,
                    "ColorG": 2,
                    "ColorR": 187,
                    "IntervalsFrom": [
                        81,
                        85,
                        97,
                        149,
                        161,
                        165,
                        193,
                        197,
                        205,
                        245
                    ],
                    "IntervalsTo": [
                        81,
                        85,
                        97,
                        149,
                        161,
                        165,
                        193,
                        197,
                        205,
                        245
                    ],
                    "Name": "Face_Right",
                    "NrOfIntervals": 10
                },
                {
                    "ColorB": 126,
                    "ColorG": 255,
                    "ColorR": 126,
                    "IntervalsFrom": [
                        65,
                        73,
                        117,
                        121,
                        169,
                        209,
                        225,
                        241
                    ],
                    "IntervalsTo": [
                        65,
                        73,
                        117,
                        121,
                        169,
                        209,
                        225,
                        241
                    ],
                    "Name": "Hand_Left",
                    "NrOfIntervals": 8
                },
                {
                    "ColorB": 0,
                    "ColorG": 199,
                    "ColorR": 0,
                    "IntervalsFrom": [
                        21,
                        41,
                        61,
                        105,
                        141,
                        145,
                        217,
                        249,
                        253
                    ],
                    "IntervalsTo": [
                        21,
                        41,
                        61,
                        105,
                        141,
                        145,
                        217,
                        249,
                        253
                    ],
                    "Name": "Hand_Center",
                    "NrOfIntervals": 9
                },
                {
                    "ColorB": 0,
                    "ColorG": 86,
                    "ColorR": 0,
                    "IntervalsFrom": [
                        17,
                        29,
                        33,
                        93,
                        125,
                        133,
                        157,
                        177
                    ],
                    "IntervalsTo": [
                        17,
                        29,
                        33,
                        93,
                        125,
                        133,
                        157,
                        177
                    ],
                    "Name": "Hand_Right",
                    "NrOfIntervals": 8
                }
            ],
            "FileName": "sub-25_ses-01_MainExp_run-1.prt",
            "Name": "newbi4fmri_VAR7_Prosopagnosia",
            "NrOfConditions": 6,
            "TimeCourseColors": {
                "RefTCPenThick": 3,
                "RefTimeCourseB": 80,
                "RefTimeCourseG": 0,
                "RefTimeCourseR": 0,
                "TCBackColorB": 0,
                "TCBackColorG": 0,
                "TCBackColorR": 0,
                "TCPenThick": 3,
                "TCTextColorB": 255,
                "TCTextColorG": 255,
                "TCTextColorR": 255,
                "TimeCourseB": 255,
                "TimeCourseG": 255,
                "TimeCourseR": 255
            },
            "TimeResolution": "Volumes"
        },
        "SliceAcquisitionOrder": 5,
        "SliceAcquisitionOrderVerified": true,
        "SliceGap": 0,
        "SliceThickness": 2.5,